Year,Afghanistan,Albania,Algeria,Angola,Argentina,Armenia,Australia,Austria,Azerbaijan,"Bahamas, The",Bahrain,Bangladesh,Barbados,Belarus,Belize,Benin,Bermuda,Bolivia,Bosnia And Herzegovina,Botswana,Brazil,Brunei,Bulgaria,Burkina,Burma,Burundi,Cabo Verde,Cambodia,Cameroon,Canada,Central African Republic,Chad,Chile,China,Colombia,Comoros,Congo (Brazzaville),Congo (Kinshasa),Costa Rica,Cote D'ivoire,Croatia,Cuba,Cyprus,Czech Republic,Denmark,Djibouti,Dominican Republic,Ecuador,Egypt,El Salvador,Estonia,Eswatini,Ethiopia,Eu-15,Eu-25,European Union,Fiji,Finland,Former Czechoslovakia,Former Yugoslavia,Fr.Ter.Africa-Issas,France,French Polynesia,French West Indies,Gabon,"Gambia, The",Georgia,German Democratic Republic,"Germany, Federal Republic Of",Ghana,Gibraltar,Gilbert And Ellice Islands,Greece,Greenland,Grenada,Guadeloupe,Guatemala,Guinea,Guinea-Bissau,Guyana,Haiti,Honduras,Hong Kong,Hungary,Iceland,India,Indonesia,Iran,Iraq,Ireland,Israel,Italy,Jamaica,Japan,Jordan,Kazakhstan,Kenya,"Korea, North","Korea, South",Kuwait,Kyrgyzstan,Laos,Latvia,Lebanon,Liberia,Libya,Lithuania,Macau,Madagascar,Malawi,Malaysia,Maldives,Mali,Malta,Martinique,Mauritania,Mauritius,Mexico,Moldova,Mongolia,Morocco,Mozambique,Nepal,Netherlands,Netherlands Antilles,New Caledonia,New Zealand,Nicaragua,Niger,Nigeria,North Macedonia,Norway,Oman,Pakistan,Panama,Papua New Guinea,Paraguay,Peru,Philippines,Poland,Portugal,Puerto Rico,Qatar,Reunion,Romania,Russia,Rwanda,Samoa,Saudi Arabia,Senegal,Serbia,Seychelles,Sierra Leone,Singapore,Slovakia,Slovenia,Somalia,South Africa,Spain,Sri Lanka,St. Kitts And Nevis,St. Lucia,Sudan,Suriname,Sweden,Switzerland,Syria,Taiwan,Tajikistan,Tanzania,Thailand,Togo,Tonga,Trinidad And Tobago,Tunisia,Turkey,Turkmenistan,Uganda,Ukraine,Union Of Soviet Socialist Repu,United Arab Emirates,United Kingdom,United States,Uruguay,Uzbekistan,Vanuatu/New Hebrides,Venezuela,Vietnam,Virgin Islands Of The U.S.,Yemen,Yemen (Aden),Yemen (Sanaa),Zambia,Zimbabwe,World
1960,0,0,0,0,"1,175",0,"1,462",374,0,0,0,0,144,0,27,0,0,0,0,0,"4,016",0,167,0,47,0,0,0,0,266,0,0,184,622,332,0,0,62,0,0,0,"7,588",0,0,409,0,"1,107",109,446,54,0,16,55,"1,555",0,0,296,85,"1,106",362,0,0,0,0,0,0,0,970,0,0,0,0,36,0,0,141,0,0,0,333,76,16,0,403,0,"3,588","1,258",528,0,203,0,"1,405",458,368,0,0,35,0,0,0,0,0,0,0,0,0,0,0,81,0,0,0,0,0,0,0,498,"1,884",0,0,0,166,0,0,0,0,0,68,0,0,0,0,0,141,24,0,39,925,"1,477","1,143",59,0,0,0,365,0,0,0,0,0,0,0,0,0,0,0,0,"1,154",665,0,50,0,0,13,442,58,0,"1,034",0,43,206,0,0,230,0,752,0,102,0,"5,992",0,"1,119","6,310",41,0,0,230,0,6,0,0,0,0,11,"57,212"
1961,0,0,0,0,819,0,"1,364",294,0,0,0,0,162,0,28,0,0,24,0,0,"3,438",0,186,0,46,0,0,0,0,146,0,0,76,770,354,0,0,64,0,0,0,"6,765",0,0,331,0,873,102,332,53,0,53,43,"6,312",0,0,150,63,928,288,0,0,0,0,0,0,0,944,0,0,0,0,0,0,0,173,118,0,0,330,73,20,0,476,0,"3,266",676,120,0,144,0,0,446,158,0,0,36,0,0,0,0,0,0,0,0,0,0,0,91,0,0,0,0,0,0,0,335,"1,454",0,0,0,165,0,0,0,0,0,67,0,0,0,0,0,0,27,0,29,808,"1,316","1,497",14,0,0,0,444,0,0,0,0,0,0,0,0,0,0,0,0,954,514,0,56,0,0,11,358,36,0,923,0,33,132,0,0,249,0,618,0,97,0,"5,986",0,981,"4,805",29,0,0,230,0,15,0,0,0,0,28,"53,346"
1962,0,0,0,0,684,0,"1,371",210,0,0,0,0,161,0,26,0,0,50,0,0,"3,568",0,200,0,60,0,0,0,0,127,0,0,66,635,346,0,0,63,0,0,0,"4,814",0,0,220,0,852,124,380,66,0,70,65,"5,374",0,0,166,59,916,233,0,0,0,0,0,0,0,796,0,0,0,0,13,0,0,190,121,0,0,331,58,21,0,378,0,"3,050",643,145,0,137,0,0,441,161,0,0,33,0,0,0,0,0,0,0,0,0,0,0,93,0,0,0,0,0,0,0,549,"1,494",0,0,0,165,0,0,0,0,0,81,0,0,0,0,0,0,27,0,32,778,"1,468","1,640",18,0,0,0,410,0,0,0,0,0,0,0,0,0,0,0,0,"1,065",591,0,50,0,0,10,325,35,0,860,0,43,161,0,0,204,0,470,0,106,0,"6,503",0,898,"4,899",46,0,0,246,0,10,0,0,0,0,36,"50,737"
1963,0,0,0,0,840,0,"1,500",260,0,0,0,0,160,0,37,0,0,100,0,0,"3,500",0,190,0,75,0,0,0,0,127,0,0,96,"1,280",385,0,0,65,0,0,0,"5,000",0,0,301,0,850,154,410,81,0,108,70,"6,218",0,0,160,64,950,300,0,0,0,0,0,0,0,800,0,0,0,0,63,0,0,180,140,0,0,305,60,25,0,440,0,"3,000",650,145,0,150,0,0,500,433,0,0,35,0,0,0,0,0,0,0,0,0,0,0,100,0,0,0,0,0,0,0,700,"1,500",0,0,10,170,0,0,0,0,0,100,0,0,0,0,0,0,50,0,50,800,"1,500","1,650",20,0,0,0,385,0,0,0,0,0,0,0,0,0,0,0,0,"1,200",499,0,45,0,0,0,225,50,0,900,0,65,200,0,0,216,0,557,0,125,0,"6,600",0,781,"5,100",61,0,0,318,0,0,0,0,0,0,79,"54,263"
1964,0,0,0,0,"1,096",0,"1,796",315,0,0,0,0,171,0,37,0,0,101,0,0,"3,245",0,191,0,75,0,0,0,0,133,0,0,170,"1,200",374,0,0,86,0,0,0,"4,149",0,0,384,0,779,155,407,81,0,108,71,"7,176",0,0,357,37,"1,008",262,0,0,0,0,0,0,0,853,0,0,0,0,65,0,0,164,139,0,0,272,60,29,0,411,0,"2,720",648,487,0,139,0,0,494,398,0,0,51,0,0,0,0,0,0,0,0,0,0,0,98,0,0,0,0,0,0,0,645,"2,077",0,0,0,173,0,0,0,0,0,100,0,0,0,0,0,0,48,0,51,794,"1,691","1,612",37,0,0,0,367,0,0,0,0,0,0,0,0,0,0,0,0,"1,162",571,0,43,0,0,14,220,67,0,"1,022",0,81,225,0,0,229,0,597,0,122,0,"6,985",0,873,"5,959",35,0,0,318,0,15,0,0,0,0,118,"57,243"
1965,0,0,0,0,974,0,"1,934",331,0,0,0,0,200,0,36,0,0,82,0,0,"4,000",0,186,0,67,0,0,0,0,145,0,0,103,"1,496",443,0,0,62,0,0,0,"5,986",0,0,472,0,580,195,434,99,0,104,65,"6,772",0,0,323,45,"1,004",358,0,0,0,0,0,0,0,801,0,0,0,0,67,0,0,185,132,0,0,315,63,33,0,489,0,"3,886",649,209,0,142,0,0,514,278,0,0,46,0,0,0,0,0,0,0,0,0,0,0,109,0,0,0,0,0,0,0,664,"2,068",0,0,0,151,0,0,0,0,0,100,0,0,0,0,0,0,49,0,52,769,"1,603","1,518",17,0,0,0,381,0,0,0,0,0,0,0,0,0,0,0,0,"1,265",524,0,39,0,0,14,267,54,0,"1,088",0,65,239,0,0,255,0,668,0,133,0,"9,222",0,"1,025","5,985",76,0,0,336,0,4,0,0,0,0,156,"63,201"
1966,0,0,0,0,"1,290",0,"1,984",235,0,0,0,0,175,0,44,0,0,91,0,0,"4,200",0,213,0,73,0,0,0,0,131,0,0,103,"1,688",437,0,0,72,0,0,0,"4,490",0,0,240,0,670,190,405,111,0,119,73,"6,569",0,0,317,39,813,363,0,0,0,0,0,0,0,784,0,0,0,0,114,0,0,167,158,0,0,294,61,37,0,448,0,"4,094",609,217,0,118,0,0,508,378,0,0,31,0,0,0,0,0,0,0,0,0,0,0,114,0,0,0,0,0,0,0,561,"2,104",0,0,35,179,0,0,0,0,0,97,0,0,0,0,0,0,41,0,36,822,"1,442","1,471",19,0,0,0,436,0,0,0,0,0,0,0,0,0,0,0,0,909,563,0,38,0,0,18,201,44,0,980,0,75,286,0,0,214,0,567,0,134,0,"9,500",0,936,"5,483",73,0,0,360,0,5,0,0,0,0,265,"61,161"
1967,0,0,0,0,"1,014",0,"2,512",236,0,0,0,0,204,0,59,0,0,86,0,0,"4,360",0,250,0,78,0,0,0,0,147,0,0,119,"1,631",576,0,0,71,0,0,0,"6,000",0,0,319,0,813,168,349,125,0,148,74,"7,188",0,0,336,56,916,576,0,0,0,0,0,0,0,567,0,0,0,0,114,0,0,145,181,0,0,349,54,45,0,479,0,"2,756",600,358,0,112,0,0,455,344,0,0,51,0,0,0,0,0,0,0,0,0,0,0,106,0,0,0,0,0,0,0,639,"2,430",0,0,79,200,0,0,0,0,0,103,0,0,0,0,0,0,59,0,39,746,"1,558","1,683",21,0,0,0,486,0,0,0,0,0,0,0,0,0,0,0,0,"1,627",616,0,40,0,0,18,229,59,0,802,0,77,246,0,0,201,0,701,0,142,0,"9,346",0,994,"5,518",63,0,0,434,0,0,0,0,0,0,263,"64,546"
1968,0,15,0,65,766,0,"2,556",356,0,0,0,0,161,0,65,0,0,102,0,0,"4,464",0,186,0,82,0,0,0,0,135,0,0,161,"1,814",636,0,0,63,0,0,0,"5,315",0,0,329,0,667,186,413,135,0,170,67,"7,313",0,0,370,63,807,490,0,0,0,0,0,0,0,553,0,0,0,0,121,0,0,141,151,0,0,326,51,54,0,449,0,"2,804",649,457,0,151,0,0,452,387,0,0,74,0,0,0,0,0,0,0,0,0,0,0,107,0,0,0,0,0,0,0,597,"2,336",0,0,65,214,0,0,0,0,0,106,0,0,0,0,0,0,68,0,39,769,"1,595","1,913",21,0,0,0,454,0,0,0,0,0,0,0,0,0,0,0,0,"1,822",628,0,35,0,0,17,257,75,0,884,0,78,239,0,0,243,0,791,0,150,0,"10,459",0,945,"5,466",34,0,0,347,0,0,0,0,0,0,136,"65,662"
1969,0,15,0,66,912,0,"2,688",300,0,0,0,0,141,0,53,0,0,113,0,0,"4,357",0,181,0,82,0,0,0,0,135,0,0,188,"1,634",671,0,0,67,0,0,0,"5,534",0,0,340,0,884,218,399,109,0,155,66,"8,112",0,0,366,50,811,393,0,0,0,0,0,0,0,544,0,0,0,0,95,0,0,149,173,0,0,370,54,55,0,435,0,"3,208",603,515,0,161,0,0,389,415,0,0,103,0,0,0,0,0,0,0,0,0,0,0,104,0,0,0,0,0,0,0,668,"2,563",0,0,68,250,0,0,0,0,0,125,0,0,0,0,0,0,74,0,42,649,"1,596","1,705",22,0,0,0,408,0,0,0,0,0,0,0,0,0,0,0,0,"1,505",739,0,35,0,0,17,291,66,0,756,0,91,336,0,0,241,0,706,0,157,0,"9,906",0,925,"5,792",64,0,0,369,0,0,0,0,0,0,120,"66,699"
1970,0,16,0,79,970,0,"2,280",318,0,0,0,0,158,0,68,0,0,113,0,0,"4,593",0,204,0,91,0,0,0,0,134,0,0,191,"1,996",702,0,0,51,0,0,0,"8,533",0,0,304,0,984,209,408,117,0,158,77,"7,705",0,0,355,54,716,494,0,0,0,0,0,0,0,522,0,0,0,0,146,0,0,160,185,0,0,316,60,53,0,454,0,"4,010",758,556,0,147,0,0,374,419,0,0,125,0,0,0,0,0,0,0,0,0,0,0,100,0,0,0,0,0,0,0,576,"2,402",0,0,66,272,0,0,0,0,0,141,0,0,0,0,0,0,76,0,48,789,"1,927","1,527",23,0,0,0,454,0,0,0,0,0,0,0,0,0,0,0,0,"1,622",795,0,27,0,0,15,207,65,0,615,0,93,373,0,0,220,0,544,0,148,0,"8,800",0,957,"5,592",44,0,0,424,0,0,0,0,0,0,136,"69,441"
1971,0,17,0,76,908,0,"2,680",325,0,0,0,0,137,0,66,0,0,82,0,0,"5,117",0,227,0,113,0,0,0,0,97,0,0,206,"2,096",688,0,0,50,0,0,0,"5,924",0,0,268,0,"1,097",227,445,159,0,173,122,"8,733",0,0,352,60,711,354,0,0,0,0,0,0,0,500,0,0,0,0,187,0,0,151,204,0,0,375,65,61,0,272,0,"4,501",726,566,0,150,0,0,396,455,0,0,133,0,0,0,0,0,0,0,0,0,0,0,104,0,0,0,0,0,0,0,611,"2,475",0,0,98,281,0,0,0,0,0,170,0,0,0,0,0,0,86,0,56,902,"2,058","1,505",30,0,0,0,381,0,0,0,0,0,0,0,0,0,0,0,0,"1,425",846,0,25,0,0,14,219,59,0,831,0,90,530,0,0,218,0,643,0,152,0,"8,983",0,984,"5,605",53,0,0,492,0,0,0,0,0,0,150,"70,328"
1972,0,15,0,84,990,0,"2,840",295,0,0,0,0,113,0,71,0,0,118,0,0,"5,648",0,249,0,115,0,0,0,0,149,0,0,173,"2,042",790,0,0,57,17,0,0,"4,688",0,0,239,0,"1,139",250,545,185,0,188,130,"9,938",0,0,321,63,700,421,0,0,0,0,0,0,0,520,0,0,0,0,154,0,0,80,235,0,0,319,64,62,0,280,0,"3,829",850,580,0,0,0,0,384,580,0,0,127,0,0,0,0,0,0,0,0,0,0,0,110,0,0,0,0,0,0,0,624,"2,520",0,0,223,324,0,0,0,0,0,166,0,0,0,0,0,0,87,0,55,921,"1,869","1,712",24,0,0,0,444,0,0,0,0,0,0,0,0,0,0,0,0,"1,865","1,055",0,26,0,0,11,267,76,0,746,0,92,629,0,0,232,0,910,0,141,0,"7,993",0,"1,034","5,612",73,0,0,517,0,0,0,0,0,0,175,"71,170"
1973,10,19,0,82,"1,293",0,"2,540",388,0,0,0,40,118,0,72,0,0,123,0,0,"6,163",0,230,0,120,0,0,0,0,146,0,0,153,"2,150",814,0,7,63,174,10,0,"5,250",0,0,0,0,"1,142",249,590,188,0,173,144,"10,177",0,0,305,88,779,427,0,0,0,0,0,0,0,720,0,20,0,0,129,0,0,121,270,0,0,270,65,59,0,330,0,"4,571",890,625,0,0,0,0,339,650,0,0,108,0,0,0,0,0,0,0,0,0,0,0,110,0,46,0,0,0,0,0,686,"2,769",0,0,223,365,5,0,0,0,0,142,0,0,0,0,0,0,85,0,56,920,"2,424","1,829",30,259,0,0,577,0,0,0,0,0,0,0,0,0,0,0,0,"1,915",832,53,24,0,0,9,292,67,0,780,0,106,649,0,0,187,0,811,0,89,0,"8,148",0,0,"5,911",104,0,0,518,134,0,0,0,0,0,200,"74,749"
1974,9,19,25,70,"1,650",0,"2,652",370,0,0,0,108,110,0,90,0,0,174,0,0,"6,942",0,265,0,100,0,0,0,20,114,0,0,150,"2,365",850,0,30,64,0,0,0,"6,044",0,0,0,0,"1,194",245,649,262,0,215,150,"9,237",0,0,290,85,810,483,0,0,0,0,0,0,0,705,0,5,0,0,161,0,0,97,325,0,0,316,65,73,0,327,0,"4,949",820,660,20,0,13,0,383,653,0,0,171,0,0,0,0,0,0,11,0,0,0,0,115,47,20,0,5,0,0,0,697,"2,805",0,0,248,390,9,0,0,0,0,160,0,40,0,0,0,177,108,0,73,"1,020","2,643","1,817",33,263,0,0,633,0,0,0,0,0,0,0,0,0,0,0,33,"1,731",804,21,27,0,120,10,264,78,18,892,0,99,930,0,0,187,4,796,0,55,0,"9,184",0,0,"8,154",104,0,0,526,30,0,0,0,0,65,248,"81,278"
1975,15,20,35,80,"1,532",0,"2,858",397,0,0,0,105,98,0,84,0,0,197,0,0,"6,985",0,209,10,80,0,0,0,15,108,0,0,116,"2,257",908,0,35,63,194,32,0,"6,310",0,0,0,0,"1,135",288,548,257,0,185,160,"10,818",0,0,283,82,887,618,0,0,0,113,0,0,0,0,0,6,0,0,187,0,0,0,384,13,0,305,58,76,0,340,0,"5,794","1,096",645,15,0,31,0,366,393,0,0,180,0,0,0,0,0,0,7,0,0,0,0,112,45,40,0,4,0,0,0,739,"2,797",0,0,267,400,15,0,0,0,0,226,0,60,0,0,0,557,134,0,81,990,"2,466","1,832",24,275,0,0,561,0,0,0,0,20,0,0,0,0,0,0,31,"1,995",597,15,26,0,151,10,290,72,30,751,0,122,"1,211",0,0,167,10,834,0,29,0,"8,531",0,0,"5,485",112,0,0,500,30,0,0,0,0,85,236,"80,978"
1976,16,21,10,60,"1,349",0,"2,988",512,0,0,0,93,104,0,63,0,0,267,0,0,"6,180",0,229,10,120,0,0,0,20,120,0,0,207,"2,311",965,0,45,68,184,22,0,"6,180",0,0,0,0,"1,249",295,630,270,0,224,165,"10,761",0,0,273,88,750,650,0,0,0,116,0,0,0,0,0,14,0,0,306,0,0,0,384,13,0,338,54,76,0,350,0,"5,612","1,107",713,23,0,39,0,366,437,0,0,172,0,0,0,0,0,0,6,0,0,0,0,114,55,50,0,5,0,0,0,496,"2,698",0,0,350,216,15,0,0,0,0,246,0,50,0,0,0,668,160,0,52,956,"2,875","1,860",17,283,0,0,583,0,0,0,0,30,0,0,0,0,0,0,30,"1,934",936,25,35,0,114,9,263,64,30,817,0,102,"1,641",0,0,207,7,986,0,30,0,"8,093",0,0,"6,763",94,0,0,462,30,0,0,0,0,90,257,"82,423"
1977,18,22,12,50,"1,592",0,"3,405",438,0,0,0,152,124,0,93,0,0,266,0,0,"7,598",0,303,10,120,0,0,0,22,156,0,15,282,"1,870",882,0,45,46,205,30,0,"6,490",0,0,0,0,"1,222",301,649,296,0,220,180,"10,995",0,0,296,77,673,721,0,0,0,111,5,0,0,0,0,14,0,0,386,0,0,0,529,13,0,332,51,91,0,388,0,"6,430","1,135",745,13,0,60,0,296,574,0,0,194,0,0,0,0,0,0,5,0,0,0,0,107,70,38,0,15,0,0,0,731,"2,696",0,0,345,200,16,0,0,0,0,224,0,55,0,0,0,786,181,0,56,926,"2,753","1,801",10,242,0,0,561,0,0,0,0,35,0,0,0,0,0,0,30,"2,198","1,409",30,41,0,139,7,288,83,32,"1,123",0,101,"2,212",0,0,179,10,"1,284",0,30,0,"6,698",0,0,"6,144",125,0,0,507,31,0,0,0,0,90,220,"86,107"
1978,20,21,15,60,"1,665",0,"3,322",520,0,0,0,190,104,0,116,0,0,266,0,0,"8,756",0,228,31,130,0,0,0,31,155,0,20,302,"2,140",915,0,40,54,206,40,0,"7,350",0,0,0,0,"1,164",281,622,298,0,236,165,"12,868",0,0,362,75,938,738,0,0,0,97,8,0,0,0,0,17,0,0,295,0,0,0,419,15,0,342,52,107,0,487,0,"8,206","1,203",752,23,0,65,0,306,629,0,0,194,0,0,0,0,0,0,5,0,0,0,0,117,95,53,0,20,0,0,0,705,"3,029",0,0,398,160,17,0,0,0,0,214,0,34,0,0,0,914,187,0,53,881,"2,397","1,848",11,185,0,0,590,0,0,0,0,25,0,0,0,0,0,0,30,"2,254","1,212",26,41,0,138,10,326,84,21,768,0,101,"1,584",0,0,147,14,"1,065",0,15,0,"8,884",0,0,"5,449",113,0,0,462,40,0,0,0,0,71,316,"92,770"
1979,18,21,12,39,"1,387",0,"2,978",375,0,0,0,141,117,0,100,0,0,269,0,0,"7,767",0,208,31,130,0,0,0,33,123,0,24,123,"2,530","1,019",0,25,51,207,52,0,"7,990",0,0,0,0,"1,220",353,654,287,0,261,170,"13,001",0,0,347,104,986,765,0,0,0,119,10,0,0,0,0,20,0,0,354,0,0,0,383,20,0,304,61,131,0,550,0,"7,071","1,217",620,25,0,15,0,270,693,0,0,255,0,0,0,0,0,0,12,0,0,0,0,123,97,58,0,23,0,0,0,705,"3,058",0,0,351,175,18,0,0,0,0,214,0,29,0,0,0,646,226,0,69,715,"2,347","1,763",8,176,0,0,690,0,0,0,0,33,0,0,0,0,0,0,25,"2,199","1,132",20,41,0,120,14,322,105,19,891,0,128,"1,851",0,0,144,10,"1,079",0,7,0,"9,354",0,0,"5,560",91,0,0,392,45,0,0,0,0,102,324,"91,547"
1980,15,21,11,40,"1,395",0,"2,963",429,0,0,0,101,132,0,105,0,0,242,0,0,"7,027",0,266,27,135,0,0,0,44,133,0,30,92,"2,507","1,193",0,25,51,203,103,0,"6,670",0,0,0,0,"1,043",358,649,186,0,254,164,"13,646",0,0,473,100,999,814,0,0,0,103,12,0,0,0,0,17,0,0,318,0,0,0,418,20,0,310,55,167,0,518,0,"5,170","1,379",450,25,0,0,0,251,762,0,0,401,0,0,0,0,0,0,11,0,0,0,0,117,113,52,0,25,0,0,0,730,"2,763",0,0,333,175,17,0,0,0,0,212,0,32,0,0,0,609,200,0,76,552,"2,325","1,582",4,161,0,0,600,0,2,0,0,41,0,0,0,0,0,0,30,"2,125",718,26,36,0,130,12,333,116,25,874,0,119,"1,098",0,0,114,6,"1,052",0,5,0,"7,927",0,0,"5,205",84,0,0,367,45,0,0,0,0,111,314,"84,626"
1981,10,25,10,40,"1,715",0,"3,329",480,0,0,0,155,96,0,99,0,0,274,0,0,"8,547",0,184,30,46,0,0,0,57,108,0,25,258,"3,220","1,225",0,25,54,200,137,0,"7,360",0,0,0,0,"1,046",368,646,181,0,329,154,"13,705",0,0,396,114,847,709,0,0,0,65,20,0,0,0,0,17,0,0,189,0,0,0,473,22,0,306,47,187,0,482,0,"6,542","1,337",250,25,0,10,0,205,822,0,0,401,0,0,0,0,0,0,5,0,0,0,0,116,156,49,0,9,0,0,0,504,"2,518",0,0,341,170,17,0,0,0,0,193,0,42,0,0,0,906,186,0,89,478,"2,373","1,134",4,139,0,0,600,0,2,0,0,47,0,0,1,0,0,0,35,"1,737",982,25,33,0,208,12,312,103,47,770,0,119,"1,676",0,0,93,6,930,0,4,0,"7,174",0,0,"5,644",76,0,0,288,160,0,0,0,0,102,358,"88,577"
1982,10,25,11,45,"1,618",0,"3,434",486,0,0,0,215,88,0,108,0,0,228,0,0,"8,393",0,148,30,43,0,0,0,66,141,0,25,201,"3,650","1,289",0,25,60,194,166,0,"8,210",0,0,0,0,"1,217",322,734,187,0,368,146,"16,698",0,0,470,99,747,869,0,0,0,77,22,0,0,0,0,20,0,0,0,0,0,0,569,22,0,292,50,212,0,601,0,"9,727","1,338",250,25,0,0,0,202,773,0,0,369,0,0,0,0,0,0,6,0,0,0,0,112,177,70,0,5,0,0,0,610,"2,842",0,0,367,178,28,0,0,0,0,225,0,47,0,0,0,"1,379",239,0,77,614,"2,503","1,873",4,103,0,0,553,0,2,0,0,60,0,0,3,0,0,0,40,"2,233","1,115",30,38,0,239,8,356,135,44,771,0,124,"2,788",0,0,79,10,"1,400",0,3,0,"6,413",0,0,"5,554",99,0,0,363,160,0,0,0,0,117,391,"99,902"
1983,10,20,8,50,"1,617",0,"3,535",612,0,0,0,190,85,0,116,0,0,195,0,0,"9,302",0,206,30,39,0,0,0,68,128,0,25,145,"4,132","1,332",0,40,50,213,187,0,"7,110",0,0,0,0,"1,200",254,756,218,0,402,178,"15,451",0,0,487,116,885,697,0,0,0,63,15,0,0,0,0,20,0,0,0,0,0,0,562,22,0,310,43,220,0,537,0,"9,508","1,741",350,35,0,0,0,195,930,0,0,308,0,0,0,0,0,0,6,0,0,0,0,87,183,77,0,5,0,0,0,729,"3,078",0,0,455,126,29,0,0,0,0,225,0,53,0,0,0,"1,197",206,0,80,439,"2,521","2,009",5,91,0,0,590,0,0,0,0,65,0,0,3,0,0,0,55,"2,289","1,243",30,28,0,360,12,370,120,81,658,0,105,"2,305",0,0,80,10,"1,860",0,4,0,"7,392",0,0,"5,402",100,0,0,385,160,0,0,0,0,117,405,"100,778"
1984,10,20,11,45,"1,621",0,"3,414",385,0,0,0,161,101,0,103,0,0,211,0,0,"9,561",0,97,30,56,0,0,0,74,135,0,25,212,"3,825","1,235",0,35,52,257,126,0,"8,210",0,0,0,0,"1,160",220,752,231,0,403,182,"12,285",0,0,275,155,790,778,0,0,0,49,17,0,0,0,0,10,0,0,0,0,0,0,545,22,0,265,46,210,0,489,0,"7,042","1,762",350,35,0,0,0,198,807,0,0,326,0,0,0,0,0,0,5,0,0,0,0,100,187,82,0,10,0,0,0,640,"3,242",0,0,470,54,21,0,0,0,0,235,0,58,0,0,0,"1,219",176,0,95,626,"2,381","2,141",7,88,0,0,605,0,0,0,0,45,0,0,3,0,0,0,50,"1,480","1,348",30,30,0,419,12,284,124,90,661,0,132,"2,305",0,0,65,8,"1,770",0,6,0,"8,700",0,0,"5,362",91,0,0,372,200,0,0,0,0,131,433,"96,009"
1985,10,25,10,30,"1,535",0,"3,548",464,0,0,0,94,99,0,98,0,0,182,0,0,"9,324",0,147,20,52,0,0,0,78,116,0,20,333,"4,627","1,367",0,35,61,232,112,0,"8,000",0,0,0,0,"1,040",312,873,254,0,424,180,"15,178",0,0,480,127,850,996,0,0,0,62,20,0,0,0,0,10,0,0,0,0,0,0,579,25,0,247,52,216,0,544,0,"7,071","1,827",450,35,0,0,0,185,939,0,0,372,0,0,0,0,0,0,6,0,0,0,0,73,160,81,0,13,0,0,0,610,"3,436",0,0,400,75,25,0,0,0,0,197,0,69,0,0,0,"1,395",176,0,95,754,"1,767","1,878",0,99,0,0,560,0,0,0,0,60,0,0,0,0,0,0,50,"2,551",0,20,28,0,498,12,373,131,100,662,0,109,"2,533",0,0,85,18,"1,655",0,10,0,"8,587",0,0,"5,388",87,0,0,498,225,0,0,0,0,133,463,"100,112"
1986,10,30,11,35,"1,160",0,"3,404",468,0,0,0,88,110,0,92,0,0,182,0,0,"8,270",0,107,20,50,0,0,0,80,52,0,25,323,"5,535","1,217",0,35,60,220,132,0,"7,250",0,0,0,0,804,273,953,266,0,395,185,"15,284",0,0,341,103,825,989,0,0,0,77,20,0,0,0,0,10,0,0,0,0,0,0,623,25,0,243,43,220,0,532,0,"8,149","1,846",570,20,0,0,0,204,943,0,0,345,0,0,0,0,0,0,6,0,0,0,0,93,154,94,0,18,0,0,0,684,"4,030",0,0,422,60,20,0,0,0,0,212,0,59,0,0,0,"1,220",160,10,67,593,"1,500","1,811",0,87,0,0,585,0,2,0,0,65,0,0,0,0,0,0,50,"2,287",0,20,32,0,452,12,329,139,50,570,0,100,"2,586",0,0,80,21,"1,398",0,10,0,"8,260",0,0,"5,556",92,0,0,569,300,0,0,0,0,149,456,"98,724"
1987,10,35,11,35,"1,108",0,"3,457",308,0,0,0,194,83,0,81,0,0,174,0,0,"8,650",0,113,20,50,0,0,0,50,122,0,25,444,"5,774","1,316",0,35,63,230,140,0,"7,120",0,0,0,0,856,268,989,267,0,537,167,"15,706",0,0,502,134,862,870,0,0,0,72,20,0,3,0,0,10,0,0,0,0,0,0,660,25,0,204,39,215,0,506,0,"10,153","2,024",650,6,0,0,0,192,948,0,0,366,0,0,0,0,0,0,6,0,0,0,0,111,168,98,0,19,0,0,0,748,"3,970",0,0,435,30,28,0,0,0,0,188,0,59,0,0,0,"1,364",123,15,100,580,"1,350","1,891",0,87,0,0,582,0,2,0,0,50,0,0,0,0,0,0,45,"2,200",0,20,32,0,479,6,368,129,38,515,0,101,"2,639",0,0,84,26,"1,475",0,10,0,"8,700",0,0,"6,495",92,0,0,601,350,0,0,0,0,119,512,"103,939"
1988,10,40,11,35,"1,100",0,"3,528",390,0,0,0,190,80,0,80,4,0,156,0,0,"8,457",0,75,20,65,3,0,0,40,147,0,20,416,"4,706","1,344",0,35,60,219,140,0,"7,420",0,0,0,0,759,316,907,189,0,461,190,"14,786",0,0,401,70,895,946,0,0,0,88,20,0,3,0,0,10,0,0,0,0,0,0,690,25,0,168,40,173,0,450,0,"10,591","2,127",570,3,0,0,0,221,929,0,0,413,0,0,0,0,0,0,6,0,0,0,0,114,181,88,0,20,0,0,0,733,"3,850",0,0,443,25,31,0,0,0,0,141,0,55,0,0,0,"1,907",108,30,100,592,"1,400","1,823",0,92,0,0,450,0,4,0,0,60,0,0,5,0,0,0,45,"2,235",0,34,32,0,408,1,264,123,40,627,0,108,"2,704",4,0,91,25,"1,780",0,10,0,"8,650",0,0,"6,574",65,0,0,537,350,0,0,0,0,130,453,"102,780"
1989,10,24,10,35,"1,284",0,"3,680",358,0,0,0,117,66,0,89,4,0,180,0,0,"8,582",0,80,20,40,9,0,0,35,114,0,20,446,"5,312","1,435",0,35,60,224,146,0,"8,120",0,0,0,0,735,315,945,176,0,462,169,"15,329",0,0,363,154,707,660,0,0,0,92,20,0,3,0,0,10,0,0,0,0,0,0,705,25,0,165,40,184,0,513,0,"10,177","1,920",630,7,0,0,0,192,984,0,0,411,0,0,0,0,0,0,6,0,0,0,0,120,185,100,0,20,0,0,0,672,"3,678",0,0,527,25,41,0,0,0,0,158,0,53,0,0,0,"1,980",105,50,105,626,"1,600","1,825",0,83,0,0,425,0,5,0,0,60,0,0,5,0,0,0,45,"2,240",0,35,32,0,360,1,375,150,30,664,0,101,"4,055",4,0,97,30,"1,410",0,10,650,"8,680",0,0,"6,173",85,0,0,513,360,0,0,0,0,150,459,"105,791"
1990,10,16,10,35,944,0,"3,797",457,0,0,0,196,69,0,99,4,0,225,0,0,"7,793",0,60,20,35,8,0,0,65,117,0,20,448,"5,618","1,611",0,35,60,245,164,0,"8,000",0,766,0,0,636,331,957,211,0,504,183,"16,944",0,0,461,168,0,930,0,0,0,62,20,0,3,0,0,10,0,0,0,0,0,0,875,25,0,130,35,199,0,630,0,"12,575","2,080",600,7,0,0,0,229,988,0,0,441,0,0,0,0,0,42,6,0,0,91,0,120,175,105,0,20,0,0,0,602,"3,605",285,0,494,30,45,0,0,0,0,198,0,53,0,0,0,"1,987",114,35,120,620,"1,750","1,865",0,62,0,0,499,"3,200",5,0,0,60,0,0,6,0,204,0,35,"2,289",0,35,25,0,420,1,401,152,41,511,0,95,"3,502",4,0,121,35,"1,380",0,30,"5,627",0,0,0,"6,070",75,0,0,495,420,0,0,0,0,142,502,"109,967"
1991,10,14,10,35,"1,300",0,"3,606",451,0,0,0,262,65,175,100,5,0,230,0,0,"7,900",0,80,20,21,14,0,0,60,147,0,20,370,"6,765","1,595",0,35,60,265,149,0,"7,620",0,635,0,0,580,355,982,270,0,527,190,"18,032",0,0,420,176,0,885,0,0,0,62,20,0,3,0,0,5,0,0,0,0,0,0,"1,015",25,0,162,30,191,0,550,0,"13,707","2,120",700,8,0,0,0,221,922,0,110,430,0,0,0,0,0,40,6,0,0,83,0,118,200,95,0,20,0,0,0,661,"3,900",275,0,519,35,49,0,0,0,0,217,5,59,0,0,0,"2,067",126,45,89,575,"1,718","2,214",0,67,0,0,334,"2,600",5,0,0,70,0,0,6,0,175,0,40,"2,152",0,25,20,0,480,1,419,160,43,409,0,112,"3,954",5,0,104,37,"1,944",0,75,"5,369",0,0,0,"6,330",70,0,0,510,450,0,0,0,0,133,493,"114,425"
1992,10,15,10,35,"1,550",0,"3,192",466,0,0,0,210,55,130,99,5,0,376,21,0,"9,200",0,60,20,58,10,0,0,60,151,0,20,360,"8,492","1,792",0,35,60,302,169,66,"7,030",0,593,0,0,568,348,950,346,0,521,200,"16,605",0,0,400,162,0,850,0,0,0,45,20,0,0,0,0,5,0,0,0,0,0,0,"1,118",25,0,253,15,188,0,610,0,"15,249","2,250",750,2,0,0,0,223,987,0,70,434,0,0,0,100,0,35,6,0,0,90,0,96,200,104,0,20,0,0,0,648,"3,500",175,0,499,40,55,0,0,0,0,194,5,45,6,0,0,"2,489",151,50,110,456,"2,010","1,640",0,61,0,0,450,"2,200",5,0,0,90,0,0,7,0,200,35,40,"2,429",0,23,20,0,500,1,252,136,59,510,0,120,"5,062",5,0,114,27,"2,052",0,75,"4,178",0,0,0,"6,627",61,0,0,549,500,0,0,0,0,140,328,"117,426"
1993,10,10,10,35,"1,350",0,"4,367",437,0,0,0,200,48,110,99,5,0,298,0,0,"9,800",0,31,20,53,16,0,0,60,123,0,20,528,"8,300","1,796",0,35,60,302,139,63,"4,280",0,585,0,0,618,383,"1,015",329,0,525,200,"18,306",0,0,441,159,0,0,0,0,0,73,20,0,0,0,0,5,0,0,0,0,0,0,"1,104",25,0,254,10,186,0,385,0,"12,447","2,300",950,2,0,0,0,224,893,0,70,372,0,0,0,109,0,35,22,3,0,60,0,125,200,106,0,20,0,0,0,681,"4,330",170,0,454,20,65,0,0,0,0,177,6,45,6,0,0,"2,562",145,37,110,415,"2,060","1,567",0,37,0,0,243,"2,540",5,0,0,90,300,0,7,0,162,165,30,"1,600",0,24,25,0,500,1,317,150,99,426,0,122,"3,750",5,0,108,20,"2,124",0,75,"3,965",0,0,0,"7,111",59,0,0,525,485,0,0,0,0,145,6,"113,237"
1994,10,10,10,35,"1,080",0,"4,412",519,0,0,0,233,51,130,104,5,0,281,0,0,"9,930",0,10,20,55,15,0,0,60,123,0,20,490,"6,505","1,801",0,35,60,322,170,55,"4,000",0,576,0,0,580,362,"1,050",319,0,482,200,"18,668",0,0,458,154,0,0,0,0,0,73,20,0,0,0,0,5,0,0,0,0,0,0,"1,118",25,0,257,10,195,0,285,0,"11,704","2,480",900,2,0,0,0,220,842,0,60,382,0,0,0,52,0,35,23,3,0,75,0,140,125,114,0,20,0,0,0,604,"3,823",115,0,495,20,68,0,0,0,0,185,6,50,7,0,0,"3,128",142,32,95,566,"1,809","2,170",0,37,0,0,135,"2,700",5,0,0,90,135,0,7,0,151,165,30,"1,243",0,23,20,0,440,1,394,150,113,496,0,118,"3,975",5,0,127,23,"2,191",0,50,"4,188",0,0,0,"6,945",32,0,0,510,430,0,0,0,0,150,56,"111,015"
1995,10,10,10,35,"1,180",0,"5,196",480,0,0,0,290,40,107,104,5,0,315,0,0,"12,500",0,13,20,60,15,0,0,60,182,0,20,505,"6,299","2,071",0,30,70,331,150,64,"3,300",0,510,0,0,482,339,"1,088",312,0,495,200,"16,761",0,0,535,167,0,0,0,0,0,63,20,0,0,0,0,5,0,0,0,0,0,0,"1,333",25,0,254,10,214,0,514,0,"16,410","2,450",900,2,0,0,0,212,817,0,60,302,0,0,0,32,0,30,29,4,0,81,0,140,210,102,0,20,0,0,0,532,"4,556",125,0,470,70,72,0,0,0,0,250,10,40,6,0,0,"3,212",121,35,105,641,"1,647","1,707",0,37,0,0,212,"1,655",5,0,0,90,225,0,7,0,168,160,30,"1,770",0,20,20,0,460,1,370,128,124,441,0,105,"5,448",5,0,90,23,"1,678",0,75,"3,600",0,0,0,"7,191",25,0,0,530,450,0,0,0,0,155,524,"118,021"
1996,10,10,0,35,"1,590",0,"5,049",0,0,0,0,200,45,152,107,5,0,345,0,0,"13,700",0,15,20,60,15,0,0,60,164,0,20,598,"6,686","2,002",0,45,60,353,130,95,"4,400",0,653,0,0,590,373,"1,092",310,0,447,185,"17,234",0,0,481,0,0,0,0,0,0,58,20,0,0,0,0,5,0,0,0,0,0,0,"1,334",25,0,325,10,235,0,595,0,"18,225","2,090",940,2,0,0,0,238,901,0,50,386,0,0,0,33,0,33,31,4,0,95,0,130,225,105,0,20,0,0,0,572,"4,642",110,0,436,170,75,0,0,0,0,301,14,30,7,0,0,"2,560",170,35,110,605,"1,791","2,375",0,20,0,0,270,"2,060",5,0,0,62,160,0,7,0,241,175,30,"1,769",0,17,20,0,500,1,0,135,80,405,0,125,"6,223",5,0,105,30,"1,375",0,110,"3,800",0,0,0,"6,686",23,0,0,550,603,0,0,0,0,160,524,"123,730"
1997,0,7,0,30,"1,380",0,"5,659",0,0,0,0,150,38,140,111,5,0,340,0,0,"14,650",0,9,20,60,15,0,0,50,157,0,20,473,"7,789","2,132",0,45,60,333,150,127,"4,200",0,569,0,0,715,451,"1,156",393,0,502,100,"18,221",0,0,508,0,0,0,0,0,0,77,20,0,0,0,0,5,0,0,0,0,0,0,"1,566",25,0,300,10,248,0,521,0,"14,616","2,094",700,2,0,0,0,236,709,0,60,388,0,0,0,14,0,32,32,4,0,121,0,90,210,108,0,20,0,0,0,682,"4,818",115,0,438,212,78,0,0,0,0,354,17,15,18,0,0,"3,817",180,35,105,666,"1,829","2,295",0,0,0,0,250,"1,300",5,0,0,60,270,0,7,0,233,246,30,"2,408",0,17,20,0,545,1,0,200,86,380,0,125,"6,013",5,0,70,30,"2,025",0,120,"2,935",0,0,0,"6,536",20,2,0,588,640,0,0,0,0,175,338,"124,327"
1998,0,3,0,25,"1,750",0,"5,567",0,0,0,0,180,40,165,124,5,0,307,0,0,"15,700",0,6,30,60,10,0,0,45,105,0,30,388,"8,631","2,110",0,40,75,380,115,140,"3,200",0,503,0,0,470,189,"1,170",463,0,477,200,"19,305",0,0,265,0,0,0,0,0,0,78,20,0,2,0,0,1,0,0,0,0,0,0,"1,720",25,0,335,10,261,0,470,0,"14,592","2,190",810,2,0,0,0,187,799,0,85,480,0,0,0,24,0,48,37,4,0,132,0,87,227,107,0,25,0,0,0,658,"5,486",125,0,406,255,81,0,0,0,0,357,15,15,35,0,0,"3,805",175,40,120,460,"1,802","2,249",0,0,0,0,210,"1,300",5,0,0,61,270,0,5,0,164,240,25,"2,560",0,18,25,0,608,1,0,200,110,340,0,95,"4,245",5,0,50,20,"2,372",0,110,"2,032",0,0,0,"7,277",23,0,0,617,650,0,0,0,0,180,573,"125,506"
1999,0,5,0,30,"1,830",0,"4,997",0,0,0,0,166,45,195,125,5,0,304,0,0,"18,300",0,5,30,50,15,0,0,50,95,0,30,420,"8,969","2,199",0,43,75,375,137,144,"3,760",0,423,0,0,371,345,"1,180",435,0,560,270,"17,818",0,0,270,0,0,0,0,0,0,78,20,0,2,0,0,0,0,0,0,0,0,0,"1,561",25,0,350,10,197,0,477,0,"17,436","1,492",875,2,0,0,0,205,852,0,70,449,0,0,0,23,0,73,35,4,0,131,0,87,222,107,0,30,0,0,0,670,"4,982",180,0,490,260,86,0,0,0,0,334,10,16,40,0,0,"3,791",170,48,125,655,"1,624","1,948",0,0,0,0,220,"1,300",5,0,0,62,210,0,5,0,210,161,20,"2,646",0,19,24,0,655,1,0,190,110,305,0,120,"5,386",5,0,64,10,"2,947",0,130,"2,000",0,0,0,"7,597",18,8,0,600,740,0,0,0,0,200,570,"130,851"
2000,0,5,0,25,"1,670",0,"5,448",0,0,0,0,135,58,140,118,5,0,310,0,0,"20,100",0,2,35,225,22,0,0,50,73,0,30,443,"6,947","2,330",0,40,73,366,179,60,"4,060",0,464,0,0,426,422,"1,390",499,0,550,275,"19,498",0,0,392,0,0,0,0,0,0,73,20,0,2,0,0,0,0,0,0,0,0,0,"1,617",25,0,325,10,332,0,305,0,"20,219","1,690",762,2,0,0,0,216,795,0,23,471,0,0,0,21,0,70,35,4,0,136,0,77,225,108,0,30,0,0,0,396,"4,979",110,0,500,155,98,0,0,0,0,406,21,20,40,0,0,"2,595",160,45,112,724,"1,620","2,150",0,0,0,0,140,"1,500",5,0,0,60,270,0,5,0,138,211,18,"2,685",0,17,18,0,710,1,0,190,110,285,0,125,"5,721",5,0,115,3,"2,348",30,130,"1,720",0,0,0,"8,194",16,23,0,610,950,0,0,0,0,197,583,"135,722"
2001,0,5,0,30,"1,540",0,"4,162",0,0,0,0,105,52,200,102,5,0,361,0,0,"17,100",0,1,35,250,20,0,0,85,121,0,30,469,"6,849","2,225",0,45,72,380,177,100,"3,500",0,470,0,0,470,502,"1,400",488,0,545,275,"18,519",0,0,372,0,0,0,0,0,0,75,20,0,2,0,0,0,0,0,0,0,0,0,"1,632",25,0,260,10,317,0,310,0,"20,480","1,800",920,2,0,0,0,205,722,0,21,377,0,0,0,27,0,62,0,4,0,134,0,70,209,113,0,30,0,0,0,603,"5,220",150,0,523,165,105,0,0,0,0,398,21,21,27,0,0,"2,648",180,45,85,760,"1,805","2,188",0,0,0,0,60,"1,550",5,0,0,110,175,0,6,0,140,140,22,"2,895",0,18,21,0,750,1,0,238,120,205,0,135,"5,107",5,0,89,4,"2,756",30,155,"1,687",0,0,0,"7,956",18,11,0,582,"1,210",0,0,0,0,200,530,"130,764"
2002,0,3,0,30,"1,600",0,"4,662",0,0,0,0,220,45,205,110,6,0,413,0,0,"20,400",0,5,35,300,20,0,0,10,88,0,32,520,"8,305","2,465",0,50,72,376,175,130,"3,700",0,491,0,0,460,483,"1,408",468,0,501,325,"16,153",0,0,300,0,0,0,0,0,0,74,20,0,2,0,0,0,0,0,0,0,0,0,"1,789",52,0,324,10,333,0,366,0,"20,475","1,725",910,2,0,0,0,175,833,0,40,494,0,0,0,27,0,72,0,4,0,115,0,40,260,110,0,32,0,0,0,684,"5,169",130,0,530,145,107,0,0,0,0,343,20,25,20,0,0,"3,453",165,52,100,812,"1,900","1,674",0,0,0,0,80,"1,630",6,0,0,90,210,0,5,0,182,86,20,"2,542",0,39,21,0,760,1,0,180,130,189,0,175,"6,397",5,0,104,1,"1,796",30,166,"1,790",0,0,0,"7,167",21,11,0,550,"1,070",0,0,0,0,221,544,"134,398"
2003,0,3,0,25,"1,650",0,"5,461",0,0,0,0,190,36,150,112,7,0,355,0,0,"23,810",0,3,35,300,20,0,0,115,54,0,33,565,"11,380","2,630",0,55,70,380,160,175,"2,250",0,558,0,0,497,505,"1,340",480,0,583,300,"18,675",0,0,340,0,0,0,0,0,0,74,20,0,2,0,0,0,0,0,0,0,0,0,"1,825",34,0,320,10,325,0,400,0,"22,140","1,755","1,135",2,0,0,0,152,864,0,42,448,0,0,0,55,0,65,0,4,0,115,0,30,260,87,0,36,0,0,0,552,"5,229",135,0,470,200,145,0,0,0,0,344,15,0,20,0,0,"3,944",165,50,120,"1,000","2,160","2,194",0,0,0,0,74,"1,580",7,0,0,90,280,0,4,0,172,55,21,"2,931",0,54,22,0,805,1,0,240,105,151,0,190,"7,286",5,0,68,1,"2,345",30,177,"1,550",0,0,0,"7,644",18,11,0,500,"1,080",0,0,0,0,230,580,"148,552"
2004,0,3,0,30,"1,925",0,"5,178",0,0,0,0,130,33,275,125,10,0,310,0,0,"26,400",0,3,38,310,20,0,0,120,98,0,36,367,"10,734","2,680",0,58,75,405,110,105,"2,550",0,516,0,0,553,491,"1,365",529,0,628,294,"17,132",0,0,315,0,0,0,0,0,0,74,25,0,2,0,0,0,0,0,0,0,0,0,"1,850",34,0,322,4,367,0,279,0,"15,150","1,730","1,425",0,0,0,0,184,888,0,60,517,0,0,0,85,0,65,6,4,0,110,0,30,260,79,0,35,0,0,0,550,"5,330",118,0,530,240,150,0,0,0,0,468,15,0,18,0,0,"4,047",165,45,115,959,"2,340","2,116",0,0,0,0,60,"1,930",7,0,0,88,225,0,4,0,164,55,20,"2,560",0,55,15,0,820,1,0,205,116,104,0,230,"7,010",5,0,45,0,"1,915",30,190,"1,580",0,0,0,"7,847",11,11,0,550,"1,140",0,0,0,0,244,508,"142,487"
2005,0,3,0,32,"1,815",0,"5,388",0,0,0,0,115,40,325,105,10,0,350,0,0,"28,175",0,3,35,315,20,0,0,125,105,0,34,390,"9,826","2,713",0,64,75,404,140,175,"1,350",0,0,0,0,446,497,"1,510",550,0,598,340,0,"21,648",0,330,0,0,0,0,0,0,74,25,0,2,0,0,0,0,0,0,0,0,0,"1,982",36,0,250,4,343,0,0,0,"14,170","2,050","1,375",0,0,0,0,124,905,0,56,489,0,0,0,65,0,0,8,4,0,0,0,26,215,78,0,39,0,0,0,580,"6,149",120,0,550,260,150,0,0,0,0,472,15,0,20,0,0,"2,937",165,45,119,747,"2,150",0,0,0,0,0,56,"2,250",7,0,0,27,435,0,4,0,0,0,21,"2,315",0,62,15,0,820,1,0,240,110,75,0,255,"5,187",5,0,35,0,"2,110",30,200,"2,054",0,0,0,"7,146",8,11,0,650,980,0,0,0,0,250,525,"140,734"
2006,0,3,0,30,"2,140",2,"5,297",0,0,0,0,145,35,415,120,10,0,325,0,0,"26,850",0,5,35,150,20,0,0,115,105,0,34,410,"9,446","2,439",0,62,75,383,145,210,"1,240",0,0,0,0,490,485,"1,601",533,0,653,250,0,"21,373",0,323,0,0,0,0,0,0,60,26,0,0,0,0,0,0,0,0,0,0,0,"2,000",36,0,94,3,380,0,0,0,"21,140","2,100","1,350",0,0,0,0,147,880,0,56,476,0,0,0,58,0,0,8,4,0,0,0,20,220,77,0,35,0,0,0,550,"5,604",135,0,510,265,150,0,0,0,0,445,15,40,18,0,0,"2,597",175,45,120,760,"2,138",0,0,0,0,0,93,"2,500",7,0,0,100,415,0,4,0,0,0,22,"2,595",0,61,0,0,815,0,0,240,116,70,0,240,"4,835",5,0,25,0,"2,175",30,195,"2,054",0,0,0,"6,713",22,0,0,745,820,0,0,0,0,270,445,"144,303"
2007,0,4,0,30,"2,440",2,"5,212",0,20,0,0,176,35,480,105,10,0,322,0,0,"31,450",0,0,35,150,20,0,0,100,135,0,34,370,"12,855","2,354",0,65,75,417,145,0,"1,200",0,0,0,0,482,500,"1,652",516,0,634,340,0,0,"17,987",310,0,0,0,0,0,0,50,27,0,0,0,0,0,0,0,0,0,0,0,"2,365",25,0,184,3,392,0,0,0,"30,780","1,900","1,370",0,0,0,0,164,935,0,57,476,0,0,0,40,0,0,4,0,0,0,0,15,275,60,0,30,0,0,0,505,"5,633",160,0,370,245,150,0,0,0,0,518,15,30,10,0,0,"3,615",174,45,120,805,"2,232",0,0,0,0,0,0,"3,150",12,0,0,110,505,0,4,0,0,0,22,"2,313",0,73,0,0,835,1,0,200,160,75,0,280,"6,720",5,0,33,0,"1,980",30,200,"2,850",0,0,0,"7,662",21,0,0,750,"1,150",0,0,0,0,260,436,"164,278"
2008,0,4,0,45,"2,190",2,"4,939",0,21,0,0,175,35,585,85,14,0,340,0,0,"31,600",0,0,35,150,20,0,0,110,116,0,34,270,"15,898","2,245",0,60,75,376,143,0,"1,420",0,0,0,0,500,492,"1,511",520,0,653,290,0,0,"15,834",240,0,0,0,0,0,0,40,27,0,0,0,0,0,0,0,0,0,0,0,"2,274",28,0,221,3,371,0,0,0,"28,630","2,000","1,145",0,0,0,0,160,950,0,30,518,0,0,0,20,0,0,0,0,0,0,0,15,310,30,0,35,0,0,0,460,"5,852",85,0,495,245,150,0,0,0,0,496,15,50,10,0,0,"4,163",175,45,120,990,"2,455",0,0,0,0,0,0,"3,200",13,0,0,100,465,0,4,0,0,0,22,"2,360",0,75,0,0,800,1,0,270,215,65,0,285,"7,820",5,0,0,0,"1,700",30,240,"2,020",0,0,0,"7,396",26,0,0,780,"1,150",0,0,0,0,225,350,"163,257"
2009,0,4,0,50,"2,420",2,"4,814",0,19,0,0,85,33,460,100,10,0,390,0,0,"31,850",0,0,35,150,20,0,0,125,61,0,34,280,"13,317","2,277",0,72,70,362,150,0,"1,340",0,0,0,0,510,515,"1,612",552,0,650,290,0,0,"14,290",255,0,0,0,0,0,0,30,27,0,0,0,0,0,0,0,0,0,0,0,"2,381",28,0,235,0,395,0,0,0,"15,950","2,053",610,4,0,0,0,126,927,0,12,530,0,0,0,20,0,0,0,0,0,0,0,25,330,25,0,35,0,0,0,480,"5,260",133,0,520,250,150,0,0,0,0,512,15,50,10,0,0,"3,512",150,45,120,"1,058","2,150",0,0,0,0,0,0,"3,481",13,0,0,100,340,0,4,0,0,0,22,"2,350",0,55,0,0,825,1,0,275,205,65,0,270,"7,200",5,0,0,0,"2,100",30,290,"1,710",0,0,0,"6,833",35,0,0,665,990,0,0,0,0,310,297,"143,833"
2010,0,4,0,50,"2,230",3,"4,700",0,25,0,0,65,26,630,104,10,0,400,0,0,"36,400",0,0,35,150,20,0,0,135,70,0,34,220,"11,429","2,294",0,72,85,390,155,0,"1,250",0,0,0,0,520,514,"1,820",596,0,658,290,0,0,"16,897",168,0,0,0,0,0,0,20,27,0,0,0,0,0,0,0,0,0,0,0,"2,340",28,0,160,0,404,0,0,0,"20,637","1,910","1,085",7,0,0,0,122,901,0,15,550,0,0,0,15,0,0,0,0,0,0,0,58,290,20,0,40,0,0,0,500,"5,115",44,0,438,275,150,0,0,0,0,545,15,60,10,0,0,"3,420",155,45,120,"1,029","1,800",0,0,0,0,0,0,"3,444",13,0,0,105,400,0,4,0,0,0,22,"2,265",0,31,0,0,625,1,0,305,250,70,0,290,"6,930",5,0,0,0,"2,530",30,310,"1,382",0,0,0,"7,224",25,0,0,485,980,0,0,0,0,400,259,"153,184"
2011,0,4,0,50,"2,030",3,"3,700",0,25,0,0,110,27,450,115,10,0,430,0,0,"38,350",0,0,31,150,20,0,0,120,94,0,35,280,"11,199","2,280",0,75,75,355,150,0,"1,150",0,0,0,0,510,539,"1,830",574,0,602,290,0,0,"15,939",150,0,0,0,0,0,0,20,27,0,0,0,0,0,0,0,0,0,0,0,"2,048",28,0,230,0,406,0,0,0,"26,574","1,770","1,380",6,0,0,0,140,700,0,13,524,0,0,0,15,60,0,0,0,0,0,0,85,290,20,0,35,0,0,0,445,"5,495",110,0,435,330,150,0,0,0,0,506,15,60,8,0,0,"3,920",172,45,120,"1,069","2,520",0,0,0,0,0,0,"2,996",13,0,0,105,530,0,4,0,0,0,22,"1,985",0,35,0,0,750,1,0,235,200,50,0,300,"9,663",5,0,0,0,"2,274",30,350,"1,540",0,0,0,"7,104",31,0,0,490,"1,240",0,0,0,0,410,335,"162,221"
2012,0,4,0,50,"2,150",3,"3,683",0,30,0,0,75,25,600,110,10,0,480,0,0,"36,150",0,0,30,150,20,0,0,120,130,0,35,325,"12,341","2,270",0,70,80,415,150,0,"1,400",0,0,0,0,553,565,"1,980",681,0,670,290,0,0,"18,320",190,0,0,0,0,0,0,20,27,0,0,0,0,0,0,0,0,0,0,0,"2,499",0,0,225,0,471,0,0,0,"28,620","1,830","1,370",6,0,0,0,132,750,0,25,490,0,0,0,20,70,0,0,0,0,0,0,85,300,15,0,40,0,0,0,470,"5,351",100,0,385,403,150,0,0,0,0,615,15,65,8,0,0,"4,520",170,40,120,"1,072","2,400",0,0,0,0,0,0,"5,545",13,0,0,100,470,0,10,0,0,0,22,"1,897",0,36,0,0,750,1,0,320,180,40,0,310,"10,235",5,0,0,2,"2,262",30,350,"2,300",0,0,0,"7,700",30,0,0,500,"1,400",0,0,0,0,435,372,"172,349"
2013,0,4,0,50,"2,300",3,"4,250",0,30,0,0,115,20,640,115,10,0,450,0,0,"38,600",0,0,30,300,20,0,0,125,130,0,30,295,"14,001","1,950",0,75,80,458,185,0,"1,600",0,0,0,0,556,632,"2,000",761,0,681,290,0,0,"16,655",175,0,0,0,0,0,0,50,30,0,0,0,0,0,0,0,0,0,0,0,"2,778",0,0,200,0,503,0,0,0,"27,337","2,300","1,300",0,0,0,0,128,760,0,15,494,0,0,0,15,90,0,0,0,0,0,0,95,300,10,0,40,0,0,0,450,"7,393",100,0,270,405,180,0,0,0,0,712,15,65,8,0,0,"5,000",170,40,120,"1,080","2,400",0,0,0,0,0,0,"5,000",13,0,0,110,460,0,10,0,0,0,22,"2,020",0,40,0,0,760,1,0,275,160,35,0,310,"10,024",5,0,0,3,"2,130",15,340,"2,400",0,0,0,"8,148",20,0,0,498,"1,650",0,0,0,0,440,475,"177,833"
2014,0,4,0,50,"1,780",3,"4,380",0,40,0,0,140,17,615,120,10,0,460,0,0,"37,800",0,0,40,300,20,0,100,120,100,10,25,290,"14,263","2,300",0,75,80,481,180,0,"1,650",0,0,0,0,561,625,"2,013",703,0,676,280,0,0,"16,020",220,0,0,0,0,0,0,55,30,0,0,0,0,0,0,0,0,0,0,0,"2,862",0,0,210,0,516,0,0,0,"26,605","2,300","1,225",0,0,0,0,150,750,0,10,520,0,0,0,25,140,0,0,0,0,0,0,105,290,10,0,70,0,0,0,440,"6,382",150,0,405,380,180,0,0,0,0,745,15,70,8,0,0,"5,630",175,40,120,"1,150","2,500",0,0,0,0,0,0,"4,400",12,0,0,110,560,0,10,0,0,0,22,"2,435",0,55,0,0,700,1,0,265,115,30,0,310,"11,333",5,0,0,5,"2,300",10,430,"1,196",0,0,0,"7,676",20,0,0,514,"1,725",0,0,0,0,430,488,"175,971"
2015,0,4,0,50,"2,150",3,"4,700",0,25,0,0,85,12,610,140,10,0,420,0,0,"35,950",0,0,40,350,25,0,125,115,95,10,25,280,"11,000","2,350",0,70,75,465,190,0,"1,850",0,0,0,0,496,625,"2,067",777,0,687,330,0,0,"18,449",240,0,0,0,0,0,0,55,30,0,0,0,0,0,0,0,0,0,0,0,"2,975",0,0,230,0,515,0,0,0,"30,460","2,100","1,450",0,0,0,0,134,795,0,10,550,0,0,0,25,200,0,0,0,0,0,0,105,285,10,0,120,0,0,0,430,"6,344",150,0,540,420,160,0,0,0,0,695,15,75,8,0,0,"5,164",175,40,120,"1,480","2,150",0,0,0,0,0,0,"4,350",15,0,0,120,600,0,10,0,0,0,22,"2,192",0,55,0,0,700,1,0,340,110,30,0,335,"10,793",5,0,0,10,"2,055",15,430,"1,728",0,0,0,"7,853",20,0,0,470,"1,510",0,0,0,0,458,445,"177,582"
2016,0,4,0,40,"2,060",3,"4,900",0,30,0,0,65,10,530,150,10,0,380,0,0,"34,650",0,0,30,350,25,0,170,115,100,10,25,260,"9,050","2,250",0,70,75,445,190,0,"1,625",0,0,0,0,379,576,"2,125",649,0,695,350,0,0,"14,283",225,0,0,0,0,0,0,55,30,0,0,0,0,0,0,0,0,0,0,0,"2,823",0,0,185,0,489,0,0,0,"27,385","2,025","1,640",0,0,0,0,83,850,0,10,580,0,0,0,25,210,0,0,0,0,0,0,90,275,10,0,125,0,0,0,400,"6,484",100,0,610,350,160,0,0,0,0,662,15,70,8,0,0,"5,265",175,35,135,"1,206","2,239",0,0,0,0,0,0,"5,200",15,0,0,125,340,0,10,0,0,0,22,"1,684",0,60,0,0,680,1,0,260,60,40,0,330,"9,743",5,0,0,10,"2,000",15,440,"1,638",0,0,0,"8,155",25,0,0,253,"1,330",0,0,0,0,411,412,"164,972"
2017,0,5,0,55,"2,050",3,"5,100",0,35,0,0,125,10,650,170,10,0,480,0,0,"39,150",0,0,30,400,25,0,240,120,125,10,25,230,"9,300","2,300",0,70,75,439,200,0,"1,800",0,0,0,0,542,653,"2,270",765,0,587,350,0,0,"18,314",150,0,0,0,0,0,0,50,30,0,0,0,0,0,0,0,0,0,0,0,"2,719",0,0,180,0,520,0,0,0,"22,200","2,050","1,770",0,0,0,0,88,720,0,35,520,0,0,0,35,220,0,0,0,0,0,0,85,250,0,0,125,0,0,0,380,"6,314",120,0,605,325,160,0,0,0,0,733,15,75,8,0,0,"6,825",180,35,140,"1,238","2,500",0,0,0,0,0,0,"6,200",15,0,0,125,600,0,10,0,0,0,22,"1,607",0,65,0,0,650,1,0,240,50,30,0,315,"10,033",5,0,0,15,"2,500",20,480,"2,156",0,0,0,"8,137",23,0,0,250,"1,520",0,0,0,0,415,453,"174,050"
2018,0,0,0,65,"1,870",0,"4,480",0,35,0,0,100,10,690,190,10,0,555,0,0,"38,870",0,0,0,400,0,0,280,0,136,0,0,265,"10,300","2,500",0,70,0,431,210,0,"1,100",0,0,0,0,616,588,"2,320",754,0,650,400,0,0,"20,938",210,0,0,0,0,0,0,0,30,0,0,0,0,0,0,0,0,0,0,0,"2,865",0,0,115,0,550,0,0,0,"34,309","2,100","2,190",0,0,0,0,82,830,0,50,410,0,0,0,0,220,0,0,0,0,0,0,90,250,0,0,0,0,0,0,400,"6,371",140,0,600,380,0,0,0,0,0,802,0,80,0,0,0,"7,225",170,35,140,"1,080","2,100",0,0,0,0,0,0,"6,560",0,0,0,0,520,0,0,0,0,0,20,"2,064",0,95,0,0,610,0,0,285,50,30,0,340,"14,710",5,0,0,15,"2,500",0,490,"2,180",0,0,0,"8,430",25,0,0,300,"1,540",0,0,0,0,440,393,"194,259"
2019,0,0,0,80,"1,570",0,"4,725",0,35,0,0,75,10,690,220,10,0,505,0,0,"29,500",0,0,0,400,0,0,300,0,140,0,0,200,"10,760","2,400",0,70,0,442,225,0,"1,300",0,0,0,0,546,541,"2,405",788,0,747,300,0,0,"17,982",170,0,0,0,0,0,0,0,30,0,0,0,0,0,0,0,0,0,0,0,"2,966",0,0,95,0,544,0,0,0,"34,300","2,200","1,575",0,0,0,0,76,780,0,55,500,0,0,0,0,220,0,0,0,0,0,0,90,260,0,0,0,0,0,0,350,"6,812",110,0,640,440,0,0,0,0,0,793,0,80,0,0,0,"5,270",170,35,140,"1,262","2,100",0,0,0,0,0,0,"6,080",0,0,0,0,360,0,0,0,0,0,20,"2,257",0,55,0,0,670,0,0,240,40,30,0,370,"14,581",5,0,0,15,"2,700",0,500,"1,753",0,0,0,"8,164",25,0,0,250,"1,300",0,0,0,0,450,453,"179,347"
2020,0,0,0,80,"1,650",0,"4,285",0,35,0,0,75,10,710,200,10,0,515,0,0,"29,925",0,0,0,400,0,0,300,0,70,0,0,200,"10,400","2,350",0,70,0,431,225,0,"1,200",0,0,0,0,593,529,"2,740",825,0,673,450,0,0,"17,003",180,0,0,0,0,0,0,0,30,0,0,0,0,0,0,0,0,0,0,0,"2,781",0,0,95,0,540,0,0,0,"28,900","2,250","1,180",0,0,0,0,60,840,0,50,475,0,0,0,0,220,0,0,0,0,0,0,90,270,0,0,0,0,0,0,360,"5,596",110,0,680,450,0,0,0,0,0,787,0,75,0,0,0,"5,260",170,35,140,"1,440","2,150",0,0,0,0,0,0,"7,800",0,0,0,0,315,0,0,0,0,0,20,"2,295",0,55,0,0,665,0,0,260,30,30,0,370,"8,294",0,0,0,15,"2,750",0,500,"1,609",0,0,0,"7,393",25,0,0,160,850,0,0,0,0,450,442,"165,496"
2021,0,0,0,80,"1,780",0,"4,300",0,35,0,0,75,10,650,200,10,0,520,0,0,"42,060",0,0,0,400,0,0,300,0,145,0,0,200,"10,500","2,350",0,70,0,440,225,0,"1,280",0,0,0,0,610,540,"2,600",800,0,720,450,0,0,"16,050",205,0,0,0,0,0,0,0,30,0,0,0,0,0,0,0,0,0,0,0,"2,800",0,0,100,0,549,0,0,0,"33,760","2,200","1,870",0,0,0,0,48,830,0,50,450,0,0,0,0,220,0,0,0,0,0,0,90,270,0,0,0,0,0,0,360,"6,307",110,0,720,450,0,0,0,0,0,787,0,75,0,0,0,"5,990",170,35,145,"1,450","2,200",0,0,0,0,0,0,"5,500",0,0,0,0,365,0,0,0,0,0,20,"2,225",0,60,0,0,660,0,0,260,30,30,0,370,"7,850",0,0,0,15,"2,750",0,500,"1,559",0,0,0,"8,166",25,0,0,150,750,0,0,0,0,450,460,"181,866"
